{"cameraMode":{"drawMode":0,"name":"Shaded","section":"Shading Mode"},"sceneLighting":false,"audioPlay":false,"sceneViewState":{"showFog":false,"showMaterialUpdate":false,"showSkybox":false,"showFlares":false,"showImageEffects":false,"showParticleSystems":false},"in2DMode":false,"pivot":{"x":523.001708984375,"y":294.51983642578127,"z":-94.53741455078125},"rotation":{"x":-0.01917339861392975,"y":-0.0404861643910408,"z":-0.0007772139506414533,"w":0.9989978671073914},"size":405.89154052734377,"orthographic":false}