{"cameraMode":{"drawMode":0,"name":"Shaded","section":"Shading Mode"},"sceneLighting":false,"audioPlay":false,"sceneViewState":{"showFog":false,"showMaterialUpdate":false,"showSkybox":false,"showFlares":false,"showImageEffects":false,"showParticleSystems":false},"in2DMode":false,"pivot":{"x":-11.365971565246582,"y":-3.286951780319214,"z":-6.003785133361816},"rotation":{"x":0.02506733313202858,"y":0.18252061307430268,"z":-0.004665343556553125,"w":0.9829039573669434},"size":0.9290989637374878,"orthographic":false}