{"cameraMode":{"drawMode":0,"name":"Shaded","section":"Shading Mode"},"sceneLighting":true,"audioPlay":false,"sceneViewState":{"m_AlwaysRefresh":false,"showFog":false,"showSkybox":false,"showFlares":false,"showImageEffects":false,"showParticleSystems":false,"showVisualEffectGraphs":true,"m_FxEnabled":true},"in2DMode":false,"pivot":{"x":12.777331352233887,"y":105.81636047363281,"z":101.07633972167969},"rotation":{"x":-0.12238290905952454,"y":-0.017568793147802354,"z":0.002163955243304372,"w":-0.9923298358917236},"size":2.0939767360687258,"orthographic":false}