{"cameraMode":{"drawMode":0,"name":"Shaded","section":"Shading Mode"},"sceneLighting":true,"audioPlay":false,"sceneViewState":{"m_AlwaysRefresh":false,"showFog":false,"showSkybox":false,"showFlares":false,"showImageEffects":false,"showParticleSystems":false,"showVisualEffectGraphs":true,"m_FxEnabled":true},"in2DMode":false,"pivot":{"x":12.377452850341797,"y":106.06017303466797,"z":101.19932556152344},"rotation":{"x":0.14000792801380158,"y":0.12499433755874634,"z":-0.01781967468559742,"w":0.9820716977119446},"size":1.632233738899231,"orthographic":false}